,Unnamed: 0,Unnamed: 0.1,video_id,labeler_2,labeler_1,start_seconds,end_seconds,duration,start_frame,end_frame,labeler_3
0,0,0,-3gFrKiC99I,background,background,0.0,5.0,5,0,75,background
1,1,1,-3gFrKiC99I,background,background,5.0,10.0,5,75,150,
2,2,2,-3gFrKiC99I,background,background,10.0,15.0,5,150,225,
3,3,3,-3gFrKiC99I,background,background,15.0,20.0,5,225,300,
4,4,4,-3gFrKiC99I,background,background,20.0,25.0,5,300,375,
5,5,5,-3gFrKiC99I,background,background,25.0,30.0,5,375,450,
6,6,6,-3gFrKiC99I,cutting,background,30.0,35.0,5,450,525,cutting
7,7,7,-3gFrKiC99I,cutting,background,36.0,41.0,5,540,615,cutting
8,8,8,-3gFrKiC99I,cutting,background,41.0,46.0,5,615,690,cutting
9,9,9,-3gFrKiC99I,cutting,background,46.0,51.0,5,690,765,cutting
10,10,10,-3gFrKiC99I,cutting,background,51.0,56.0,5,765,840,cutting
11,11,11,-3gFrKiC99I,cutting,background,56.0,61.0,5,840,915,cutting
12,12,12,-3gFrKiC99I,background,background,61.0,66.0,5,915,990,
13,13,13,-3gFrKiC99I,background,background,66.0,71.0,5,990,1065,
14,14,14,-3gFrKiC99I,cutting,background,71.0,76.0,5,1065,1140,background
15,15,15,-3gFrKiC99I,cutting,background,76.0,81.0,5,1140,1215,background
16,16,16,-3gFrKiC99I,cutting,background,81.0,86.0,5,1215,1290,background
17,17,17,-3gFrKiC99I,cutting,background,86.0,91.0,5,1290,1365,background
18,18,18,-3gFrKiC99I,cutting,background,91.0,96.0,5,1365,1440,background
19,19,19,-3gFrKiC99I,cutting,background,96.0,101.0,5,1440,1515,background
20,20,20,-3gFrKiC99I,cutting,background,101.0,106.0,5,1515,1590,background
21,21,21,-3gFrKiC99I,cutting,background,106.0,111.0,5,1590,1665,background
22,22,22,-3gFrKiC99I,cutting,background,111.0,116.0,5,1665,1740,background
23,23,23,-3gFrKiC99I,cutting,background,116.0,121.0,5,1740,1815,background
24,24,24,-3gFrKiC99I,cutting,background,121.0,126.0,5,1815,1890,background
25,25,25,-3gFrKiC99I,cutting,background,126.0,131.0,5,1890,1965,background
26,26,26,-3gFrKiC99I,background,background,131.0,136.0,5,1965,2040,
27,27,27,-3gFrKiC99I,cutting,cutting,136.0,141.0,5,2040,2115,
28,28,28,-3gFrKiC99I,cutting,background,143.0,148.0,5,2145,2220,cutting
29,29,29,-3gFrKiC99I,cutting,cutting,148.0,153.0,5,2220,2295,
30,30,30,-3gFrKiC99I,cutting,background,155.0,160.0,5,2325,2400,cutting
31,31,31,-3gFrKiC99I,cutting,background,160.0,165.0,5,2400,2475,cutting
32,32,32,-3gFrKiC99I,cutting,cutting,166.0,171.0,5,2490,2565,
33,33,33,-3gFrKiC99I,cutting,cutting,171.0,176.0,5,2565,2640,
34,34,34,-3gFrKiC99I,cutting,cutting,176.0,181.0,5,2640,2715,
35,35,35,-3gFrKiC99I,cutting,cutting,181.0,186.0,5,2715,2790,
36,36,36,-3gFrKiC99I,cutting,background,187.0,192.0,5,2805,2880,background
37,37,37,-3gFrKiC99I,cutting,cutting,196.0,201.0,5,2940,3015,
38,38,38,-3gFrKiC99I,cutting,cutting,201.0,206.0,5,3015,3090,
39,39,39,-3gFrKiC99I,cutting,background,210.0,215.0,5,3150,3225,cutting
40,40,40,-3gFrKiC99I,cutting,cutting,217.0,222.0,5,3255,3330,
41,41,41,-3gFrKiC99I,cutting,cutting,222.0,227.0,5,3330,3405,
42,42,42,-3gFrKiC99I,cutting,cutting,227.0,232.0,5,3405,3480,
43,43,43,-3gFrKiC99I,cutting,cutting,232.0,237.0,5,3480,3555,
44,44,44,-3gFrKiC99I,cutting,background,247.0,252.0,5,3705,3780,cutting
45,45,45,-3gFrKiC99I,cutting,background,252.0,257.0,5,3780,3855,cutting
46,46,46,-3gFrKiC99I,cutting,background,257.0,262.0,5,3855,3930,cutting
47,47,47,-3gFrKiC99I,cutting,background,262.0,267.0,5,3930,4005,cutting
48,48,48,-3gFrKiC99I,cutting,background,267.0,272.0,5,4005,4080,cutting
49,49,49,-3gFrKiC99I,cutting,background,272.0,277.0,5,4080,4155,cutting
50,50,50,-3gFrKiC99I,cutting,cutting,278.0,283.0,5,4170,4245,
51,51,51,-3gFrKiC99I,cutting,background,292.0,297.0,5,4380,4455,cutting
52,52,52,-3gFrKiC99I,cutting,background,297.0,302.0,5,4455,4530,cutting
53,53,53,-3gFrKiC99I,cutting,background,302.0,307.0,5,4530,4605,cutting
54,54,54,-3gFrKiC99I,cutting,background,307.0,312.0,5,4605,4680,cutting
55,55,55,-3gFrKiC99I,cutting,background,320.0,325.0,5,4800,4875,cutting
56,56,56,-3gFrKiC99I,cutting,background,325.0,330.0,5,4875,4950,cutting
57,57,57,-3gFrKiC99I,cutting,cutting,334.0,339.0,5,5010,5085,
58,58,58,-3gFrKiC99I,cutting,cutting,343.0,348.0,5,5145,5220,
59,59,59,-3gFrKiC99I,cutting,background,349.0,354.0,5,5235,5310,background
60,60,60,-3gFrKiC99I,cutting,cutting,355.0,360.0,5,5325,5400,
61,61,61,-3gFrKiC99I,cutting,background,362.0,367.0,5,5430,5505,background
62,62,62,-3gFrKiC99I,cutting,background,367.0,372.0,5,5505,5580,background
63,63,63,-3gFrKiC99I,cutting,background,372.0,377.0,5,5580,5655,background
64,64,64,-3gFrKiC99I,cutting,cutting,380.0,385.0,5,5700,5775,
65,65,65,-3gFrKiC99I,cutting,background,395.0,400.0,5,5925,6000,suturing
66,66,66,-3gFrKiC99I,cutting,background,400.0,405.0,5,6000,6075,suturing
67,67,67,-3gFrKiC99I,background,background,405.0,410.0,5,6075,6150,
68,68,68,-3gFrKiC99I,suturing,background,410.0,415.0,5,6150,6225,suturing
69,69,69,-3gFrKiC99I,suturing,background,419.0,424.0,5,6285,6360,abstain
70,70,70,-3gFrKiC99I,suturing,background,424.0,429.0,5,6360,6435,abstain
71,71,71,-3gFrKiC99I,suturing,background,429.0,434.0,5,6435,6510,abstain
72,72,72,-3gFrKiC99I,suturing,background,434.0,439.0,5,6510,6585,abstain
73,73,73,-3gFrKiC99I,suturing,suturing,441.0,446.0,5,6615,6690,
74,74,74,-3gFrKiC99I,suturing,background,447.0,452.0,5,6705,6780,tying
75,75,75,-3gFrKiC99I,tying,tying,460.0,465.0,5,6900,6975,
76,76,76,-3gFrKiC99I,suturing,background,469.0,474.0,5,7035,7110,suturing
77,77,77,-3gFrKiC99I,suturing,background,474.0,479.0,5,7110,7185,suturing
78,78,78,-3gFrKiC99I,suturing,background,483.0,488.0,5,7245,7320,suturing
79,79,79,-3gFrKiC99I,suturing,background,488.0,493.0,5,7320,7395,suturing
80,80,80,-3gFrKiC99I,suturing,background,498.0,503.0,5,7470,7545,suturing
81,81,81,-3gFrKiC99I,suturing,background,503.0,508.0,5,7545,7620,suturing
82,82,82,-3gFrKiC99I,suturing,background,508.0,513.0,5,7620,7695,suturing
83,83,83,-3gFrKiC99I,suturing,suturing,513.0,518.0,5,7695,7770,
84,84,84,-3gFrKiC99I,suturing,background,518.0,523.0,5,7770,7845,suturing
85,85,85,-3gFrKiC99I,tying,tying,523.0,528.0,5,7845,7920,
86,86,86,-3gFrKiC99I,tying,background,528.0,533.0,5,7920,7995,background
87,87,87,-3gFrKiC99I,suturing,background,533.0,538.0,5,7995,8070,suturing
88,88,88,-3gFrKiC99I,suturing,suturing,542.0,547.0,5,8130,8205,
89,89,89,-3gFrKiC99I,suturing,background,548.0,553.0,5,8220,8295,suturing
90,90,90,-3gFrKiC99I,tying,tying,553.0,558.0,5,8295,8370,
91,91,91,-3gFrKiC99I,tying,background,558.0,563.0,5,8370,8445,background
92,92,92,-3gFrKiC99I,suturing,suturing,564.0,569.0,5,8460,8535,
93,93,93,-3gFrKiC99I,tying,tying,573.0,578.0,5,8595,8670,
94,94,94,-3gFrKiC99I,tying,background,584.0,589.0,5,8760,8835,tying
95,95,95,-3gFrKiC99I,suturing,background,593.0,598.0,5,8895,8970,suturing
96,96,96,-3gFrKiC99I,suturing,suturing,599.0,604.0,5,8985,9060,
97,97,97,-3gFrKiC99I,suturing,suturing,604.0,609.0,5,9060,9135,
98,98,98,-3gFrKiC99I,suturing,suturing,613.0,618.0,5,9195,9270,
99,99,99,-3gFrKiC99I,suturing,suturing,618.0,623.0,5,9270,9345,
100,100,100,-3gFrKiC99I,suturing,suturing,630.0,635.0,5,9450,9525,
101,101,101,-3gFrKiC99I,suturing,suturing,637.0,642.0,5,9555,9630,
102,102,102,-3gFrKiC99I,suturing,background,642.0,647.0,5,9630,9705,suturing
103,103,103,-3gFrKiC99I,suturing,background,647.0,652.0,5,9705,9780,suturing
104,104,104,-3gFrKiC99I,suturing,background,656.0,661.0,5,9840,9915,suturing
105,105,105,-3gFrKiC99I,suturing,suturing,661.0,666.0,5,9915,9990,
106,106,106,-3gFrKiC99I,suturing,background,666.0,671.0,5,9990,10065,suturing
107,107,107,-3gFrKiC99I,suturing,suturing,672.0,677.0,5,10080,10155,
108,108,108,-3gFrKiC99I,suturing,suturing,677.0,682.0,5,10155,10230,
109,109,109,-3gFrKiC99I,suturing,background,684.0,689.0,5,10260,10335,suturing
110,110,110,-3gFrKiC99I,suturing,suturing,689.0,694.0,5,10335,10410,
111,111,111,-3gFrKiC99I,suturing,background,694.0,699.0,5,10410,10485,suturing
112,112,112,-3gFrKiC99I,suturing,background,704.0,709.0,5,10560,10635,suturing
113,113,113,-3gFrKiC99I,suturing,background,716.0,721.0,5,10740,10815,suturing
114,114,114,-3gFrKiC99I,suturing,suturing,723.0,728.0,5,10845,10920,
115,115,115,-3gFrKiC99I,suturing,suturing,738.0,743.0,5,11070,11145,
116,116,116,-3gFrKiC99I,suturing,suturing,743.0,748.0,5,11145,11220,
117,117,117,-3gFrKiC99I,suturing,background,748.0,753.0,5,11220,11295,suturing
118,118,118,-3gFrKiC99I,,suturing,758.0,763.0,5,11370,11445,
119,119,119,-3gFrKiC99I,suturing,background,771.0,776.0,5,11565,11640,suturing
120,120,120,-3gFrKiC99I,suturing,suturing,779.0,784.0,5,11685,11760,
121,121,121,-3gFrKiC99I,suturing,suturing,788.0,793.0,5,11820,11895,
122,122,122,-3gFrKiC99I,suturing,background,793.0,798.0,5,11895,11970,background
123,123,123,-DGQsmwXmLg,background,background,0.0,5.0,5,0,75,
124,124,124,-DGQsmwXmLg,background,background,5.0,10.0,5,75,150,
125,125,125,-DGQsmwXmLg,background,background,10.0,15.0,5,150,225,
126,126,126,-DGQsmwXmLg,background,background,15.0,20.0,5,225,300,
127,127,127,-DGQsmwXmLg,background,background,20.0,25.0,5,300,375,
128,128,128,-DGQsmwXmLg,background,background,25.0,30.0,5,375,450,
129,129,129,-DGQsmwXmLg,background,background,30.0,35.0,5,450,525,
130,130,130,-DGQsmwXmLg,background,background,35.0,40.0,5,525,600,
131,131,131,-DGQsmwXmLg,background,background,40.0,45.0,5,600,675,
132,132,132,-DGQsmwXmLg,background,background,45.0,50.0,5,675,750,
133,133,133,-DGQsmwXmLg,background,background,50.0,55.0,5,750,825,
134,134,134,-DGQsmwXmLg,background,background,55.0,60.0,5,825,900,
135,135,135,-DGQsmwXmLg,background,background,60.0,65.0,5,900,975,
136,136,136,-DGQsmwXmLg,background,background,65.0,70.0,5,975,1050,
137,137,137,-DGQsmwXmLg,background,background,70.0,75.0,5,1050,1125,
138,138,138,-DGQsmwXmLg,background,background,75.0,80.0,5,1125,1200,
139,139,139,-DGQsmwXmLg,background,background,80.0,85.0,5,1200,1275,
140,140,140,-DGQsmwXmLg,background,background,85.0,90.0,5,1275,1350,
141,141,141,-DGQsmwXmLg,background,background,90.0,95.0,5,1350,1425,
142,142,142,-DGQsmwXmLg,cutting,cutting,96.0,101.0,5,1440,1515,
143,143,143,-DGQsmwXmLg,cutting,cutting,101.0,106.0,5,1515,1590,
144,144,144,-DGQsmwXmLg,cutting,cutting,106.0,111.0,5,1590,1665,
145,145,145,-DGQsmwXmLg,cutting,cutting,111.0,116.0,5,1665,1740,
146,146,146,-DGQsmwXmLg,cutting,cutting,116.0,121.0,5,1740,1815,
147,147,147,-DGQsmwXmLg,cutting,cutting,121.0,126.0,5,1815,1890,
148,148,148,-DGQsmwXmLg,cutting,cutting,126.0,131.0,5,1890,1965,
149,149,149,-DGQsmwXmLg,cutting,cutting,131.0,136.0,5,1965,2040,
150,150,150,-DGQsmwXmLg,cutting,cutting,136.0,141.0,5,2040,2115,
151,151,151,-DGQsmwXmLg,cutting,cutting,141.0,146.0,5,2115,2190,
152,152,152,-DGQsmwXmLg,cutting,cutting,146.0,151.0,5,2190,2265,
153,153,153,-DGQsmwXmLg,cutting,cutting,151.0,156.0,5,2265,2340,
154,154,154,-DGQsmwXmLg,cutting,cutting,156.0,161.0,5,2340,2415,
155,155,155,-DGQsmwXmLg,cutting,cutting,161.0,166.0,5,2415,2490,
156,156,156,-DGQsmwXmLg,cutting,cutting,166.0,171.0,5,2490,2565,
157,157,157,-DGQsmwXmLg,cutting,cutting,171.0,176.0,5,2565,2640,
158,158,158,-DGQsmwXmLg,cutting,cutting,176.0,181.0,5,2640,2715,
159,159,159,-DGQsmwXmLg,cutting,cutting,181.0,186.0,5,2715,2790,
160,160,160,-DGQsmwXmLg,cutting,cutting,186.0,191.0,5,2790,2865,
161,161,161,-DGQsmwXmLg,cutting,background,191.0,196.0,5,2865,2940,cutting
162,162,162,-DGQsmwXmLg,background,background,196.0,201.0,5,2940,3015,
163,163,163,-DGQsmwXmLg,background,background,201.0,206.0,5,3015,3090,
164,164,164,-DGQsmwXmLg,background,background,206.0,211.0,5,3090,3165,
165,165,165,-DGQsmwXmLg,background,background,211.0,216.0,5,3165,3240,
166,166,166,0EeZIRDKYO4,background,background,0.0,5.0,5,0,75,
167,167,167,0EeZIRDKYO4,cutting,background,5.0,10.0,5,75,150,background
168,168,168,0EeZIRDKYO4,cutting,background,10.0,15.0,5,150,225,background
169,169,169,0EeZIRDKYO4,cutting,cutting,16.0,21.0,5,240,315,
170,170,170,0EeZIRDKYO4,cutting,background,25.0,30.0,5,375,450,background
171,171,171,0EeZIRDKYO4,cutting,background,30.0,35.0,5,450,525,background
172,172,172,0EeZIRDKYO4,cutting,background,35.0,40.0,5,525,600,background
173,173,173,0EeZIRDKYO4,cutting,background,40.0,45.0,5,600,675,background
174,174,174,0EeZIRDKYO4,cutting,background,45.0,50.0,5,675,750,background
175,175,175,0EeZIRDKYO4,cutting,background,50.0,55.0,5,750,825,background
176,176,176,0EeZIRDKYO4,cutting,background,55.0,60.0,5,825,900,background
177,177,177,0EeZIRDKYO4,cutting,background,60.0,65.0,5,900,975,background
178,178,178,0EeZIRDKYO4,cutting,background,65.0,70.0,5,975,1050,background
179,179,179,0EeZIRDKYO4,cutting,background,70.0,75.0,5,1050,1125,background
180,180,180,0EeZIRDKYO4,cutting,background,75.0,80.0,5,1125,1200,background
181,181,181,0EeZIRDKYO4,cutting,background,80.0,85.0,5,1200,1275,background
182,182,182,0EeZIRDKYO4,cutting,background,85.0,90.0,5,1275,1350,background
183,183,183,0EeZIRDKYO4,cutting,cutting,91.0,96.0,5,1365,1440,
184,184,184,0EeZIRDKYO4,cutting,cutting,96.0,101.0,5,1440,1515,
185,185,185,0EeZIRDKYO4,cutting,cutting,101.0,106.0,5,1515,1590,
186,186,186,0EeZIRDKYO4,cutting,cutting,106.0,111.0,5,1590,1665,
187,187,187,0EeZIRDKYO4,cutting,cutting,111.0,116.0,5,1665,1740,
188,188,188,0EeZIRDKYO4,cutting,background,119.0,124.0,5,1785,1860,cutting
189,189,189,0EeZIRDKYO4,background,background,124.0,129.0,5,1860,1935,
190,190,190,0EeZIRDKYO4,background,background,129.0,134.0,5,1935,2010,
191,191,191,0FHE1jSN3w0,background,background,0.0,5.0,5,0,75,
192,192,192,0FHE1jSN3w0,background,background,5.0,10.0,5,75,150,
193,193,193,0FHE1jSN3w0,background,background,10.0,15.0,5,150,225,
194,194,194,0FHE1jSN3w0,background,background,15.0,20.0,5,225,300,
195,195,195,0FHE1jSN3w0,background,background,20.0,25.0,5,300,375,
196,196,196,0FHE1jSN3w0,background,background,25.0,30.0,5,375,450,
197,197,197,0FHE1jSN3w0,cutting,background,30.0,35.0,5,450,525,background
198,198,198,0FHE1jSN3w0,cutting,cutting,35.0,40.0,5,525,600,
199,199,199,0FHE1jSN3w0,cutting,background,41.0,46.0,5,615,690,cutting
200,200,200,0FHE1jSN3w0,cutting,background,46.0,51.0,5,690,765,cutting
201,201,201,0FHE1jSN3w0,cutting,cutting,53.0,58.0,5,795,870,
202,202,202,0FHE1jSN3w0,cutting,cutting,58.0,63.0,5,870,945,
203,203,203,0FHE1jSN3w0,cutting,background,66.0,71.0,5,990,1065,abstain
204,204,204,0FHE1jSN3w0,cutting,background,71.0,76.0,5,1065,1140,abstain
205,205,205,0FHE1jSN3w0,cutting,background,76.0,81.0,5,1140,1215,abstain
206,206,206,0FHE1jSN3w0,cutting,background,81.0,86.0,5,1215,1290,abstain
207,207,207,0FHE1jSN3w0,cutting,background,86.0,91.0,5,1290,1365,abstain
208,208,208,0FHE1jSN3w0,cutting,background,91.0,96.0,5,1365,1440,abstain
209,209,209,0FHE1jSN3w0,cutting,background,96.0,101.0,5,1440,1515,abstain
210,210,210,0FHE1jSN3w0,cutting,background,101.0,106.0,5,1515,1590,abstain
211,211,211,0FHE1jSN3w0,cutting,background,106.0,111.0,5,1590,1665,abstain
212,212,212,0FHE1jSN3w0,cutting,background,111.0,116.0,5,1665,1740,abstain
213,213,213,0FHE1jSN3w0,cutting,background,116.0,121.0,5,1740,1815,abstain
214,214,214,0FHE1jSN3w0,cutting,background,121.0,126.0,5,1815,1890,abstain
215,215,215,0FHE1jSN3w0,cutting,background,126.0,131.0,5,1890,1965,abstain
216,216,216,0FHE1jSN3w0,cutting,background,131.0,136.0,5,1965,2040,abstain
217,217,217,0FHE1jSN3w0,cutting,background,136.0,141.0,5,2040,2115,abstain
218,218,218,0FHE1jSN3w0,cutting,background,141.0,146.0,5,2115,2190,abstain
219,219,219,0FHE1jSN3w0,cutting,background,146.0,151.0,5,2190,2265,abstain
220,220,220,0FHE1jSN3w0,cutting,background,151.0,156.0,5,2265,2340,abstain
221,221,221,0FHE1jSN3w0,cutting,background,156.0,161.0,5,2340,2415,abstain
222,222,222,0FHE1jSN3w0,cutting,background,161.0,166.0,5,2415,2490,abstain
223,223,223,0FHE1jSN3w0,cutting,background,166.0,171.0,5,2490,2565,abstain
224,224,224,0FHE1jSN3w0,cutting,background,171.0,176.0,5,2565,2640,abstain
225,225,225,0FHE1jSN3w0,cutting,background,176.0,181.0,5,2640,2715,abstain
226,226,226,0FHE1jSN3w0,cutting,background,181.0,186.0,5,2715,2790,abstain
227,227,227,0FHE1jSN3w0,cutting,background,186.0,191.0,5,2790,2865,abstain
228,228,228,0FHE1jSN3w0,cutting,background,191.0,196.0,5,2865,2940,abstain
229,229,229,0FHE1jSN3w0,suturing,background,196.0,201.0,5,2940,3015,tying
230,230,230,0FHE1jSN3w0,tying,background,201.0,206.0,5,3015,3090,tying
231,231,231,0FHE1jSN3w0,tying,background,206.0,211.0,5,3090,3165,tying
232,232,232,0FHE1jSN3w0,tying,background,211.0,216.0,5,3165,3240,tying
233,233,233,0FHE1jSN3w0,cutting,background,216.0,221.0,5,3240,3315,cutting
234,234,234,0FHE1jSN3w0,cutting,background,221.0,226.0,5,3315,3390,cutting
235,235,235,0FHE1jSN3w0,cutting,background,226.0,231.0,5,3390,3465,cutting
236,236,236,0FHE1jSN3w0,cutting,background,231.0,236.0,5,3465,3540,cutting
237,237,237,0FHE1jSN3w0,cutting,background,236.0,241.0,5,3540,3615,cutting
238,238,238,0FHE1jSN3w0,cutting,background,241.0,246.0,5,3615,3690,cutting
239,239,239,0FHE1jSN3w0,cutting,background,246.0,251.0,5,3690,3765,cutting
240,240,240,0FHE1jSN3w0,cutting,background,251.0,256.0,5,3765,3840,cutting
241,241,241,0FHE1jSN3w0,tying,background,256.0,261.0,5,3840,3915,tying
242,242,242,0FHE1jSN3w0,tying,background,261.0,266.0,5,3915,3990,tying
243,243,243,0FHE1jSN3w0,tying,background,266.0,271.0,5,3990,4065,tying
244,244,244,0FHE1jSN3w0,background,background,271.0,276.0,5,4065,4140,
245,245,245,0FHE1jSN3w0,cutting,background,276.0,281.0,5,4140,4215,cutting
246,246,246,0FHE1jSN3w0,cutting,background,281.0,286.0,5,4215,4290,cutting
247,247,247,0FHE1jSN3w0,tying,background,286.0,291.0,5,4290,4365,tying
248,248,248,0FHE1jSN3w0,tying,background,291.0,296.0,5,4365,4440,tying
249,249,249,0FHE1jSN3w0,tying,background,296.0,301.0,5,4440,4515,tying
250,250,250,0FHE1jSN3w0,tying,background,301.0,306.0,5,4515,4590,tying
251,251,251,0FHE1jSN3w0,cutting,background,306.0,311.0,5,4590,4665,cutting
252,252,252,0FHE1jSN3w0,cutting,background,311.0,316.0,5,4665,4740,cutting
253,253,253,0FHE1jSN3w0,cutting,background,316.0,321.0,5,4740,4815,cutting
254,254,254,0FHE1jSN3w0,tying,background,321.0,326.0,5,4815,4890,tying
255,255,255,0FHE1jSN3w0,tying,background,326.0,331.0,5,4890,4965,tying
256,256,256,0FHE1jSN3w0,tying,background,331.0,336.0,5,4965,5040,tying
257,257,257,0FHE1jSN3w0,cutting,background,336.0,341.0,5,5040,5115,cutting
258,258,258,0FHE1jSN3w0,cutting,background,341.0,346.0,5,5115,5190,cutting
259,259,259,0FHE1jSN3w0,tying,background,346.0,351.0,5,5190,5265,tying
260,260,260,0FHE1jSN3w0,tying,background,351.0,356.0,5,5265,5340,tying
261,261,261,0FHE1jSN3w0,tying,background,356.0,361.0,5,5340,5415,tying
262,262,262,0FHE1jSN3w0,tying,background,361.0,366.0,5,5415,5490,tying
263,263,263,0FHE1jSN3w0,cutting,background,366.0,371.0,5,5490,5565,background
264,264,264,0FHE1jSN3w0,cutting,background,371.0,376.0,5,5565,5640,background
265,265,265,0FHE1jSN3w0,cutting,background,376.0,381.0,5,5640,5715,background
266,266,266,0FHE1jSN3w0,tying,background,381.0,386.0,5,5715,5790,tying
267,267,267,0FHE1jSN3w0,cutting,background,386.0,391.0,5,5790,5865,cutting
268,268,268,0FHE1jSN3w0,cutting,background,391.0,396.0,5,5865,5940,cutting
269,269,269,0FHE1jSN3w0,cutting,background,396.0,401.0,5,5940,6015,cutting
270,270,270,0FHE1jSN3w0,cutting,background,401.0,406.0,5,6015,6090,cutting
271,271,271,0FHE1jSN3w0,cutting,background,406.0,411.0,5,6090,6165,cutting
272,272,272,0FHE1jSN3w0,cutting,background,411.0,416.0,5,6165,6240,cutting
273,273,273,0FHE1jSN3w0,cutting,background,416.0,421.0,5,6240,6315,cutting
274,274,274,0FHE1jSN3w0,cutting,background,421.0,426.0,5,6315,6390,cutting
275,275,275,0FHE1jSN3w0,cutting,background,426.0,431.0,5,6390,6465,cutting
276,276,276,0FHE1jSN3w0,cutting,background,431.0,436.0,5,6465,6540,cutting
277,277,277,0FHE1jSN3w0,cutting,background,436.0,441.0,5,6540,6615,cutting
278,278,278,0FHE1jSN3w0,cutting,background,441.0,446.0,5,6615,6690,cutting
279,279,279,0FHE1jSN3w0,cutting,background,446.0,451.0,5,6690,6765,cutting
280,280,280,0FHE1jSN3w0,cutting,background,451.0,456.0,5,6765,6840,cutting
281,281,281,0FHE1jSN3w0,cutting,background,456.0,461.0,5,6840,6915,cutting
282,282,282,0FHE1jSN3w0,cutting,background,461.0,466.0,5,6915,6990,cutting
283,283,283,0FHE1jSN3w0,cutting,background,466.0,471.0,5,6990,7065,cutting
284,284,284,0FHE1jSN3w0,cutting,background,471.0,476.0,5,7065,7140,cutting
285,285,285,0FHE1jSN3w0,cutting,background,476.0,481.0,5,7140,7215,cutting
286,286,286,0FHE1jSN3w0,cutting,background,481.0,486.0,5,7215,7290,cutting
287,287,287,0FHE1jSN3w0,cutting,background,486.0,491.0,5,7290,7365,cutting
288,288,288,0FHE1jSN3w0,cutting,background,491.0,496.0,5,7365,7440,cutting
289,289,289,0FHE1jSN3w0,cutting,background,496.0,501.0,5,7440,7515,cutting
290,290,290,0FHE1jSN3w0,cutting,background,501.0,506.0,5,7515,7590,cutting
291,291,291,0FHE1jSN3w0,cutting,background,506.0,511.0,5,7590,7665,cutting
292,292,292,0FHE1jSN3w0,cutting,background,511.0,516.0,5,7665,7740,cutting
293,293,293,0FHE1jSN3w0,cutting,background,516.0,521.0,5,7740,7815,cutting
294,294,294,0FHE1jSN3w0,cutting,background,521.0,526.0,5,7815,7890,cutting
295,295,295,0FHE1jSN3w0,cutting,background,526.0,531.0,5,7890,7965,cutting
296,296,296,0FHE1jSN3w0,cutting,background,531.0,536.0,5,7965,8040,cutting
297,297,297,0FHE1jSN3w0,cutting,background,536.0,541.0,5,8040,8115,cutting
298,298,298,0FHE1jSN3w0,cutting,background,541.0,546.0,5,8115,8190,cutting
299,299,299,0FHE1jSN3w0,cutting,background,546.0,551.0,5,8190,8265,cutting
300,300,300,0FHE1jSN3w0,cutting,background,551.0,556.0,5,8265,8340,cutting
301,301,301,0FHE1jSN3w0,cutting,background,556.0,561.0,5,8340,8415,cutting
302,302,302,0FHE1jSN3w0,cutting,background,561.0,566.0,5,8415,8490,cutting
303,303,303,0FHE1jSN3w0,cutting,background,566.0,571.0,5,8490,8565,cutting
304,304,304,0FHE1jSN3w0,cutting,background,571.0,576.0,5,8565,8640,cutting
305,305,305,0FHE1jSN3w0,cutting,background,576.0,581.0,5,8640,8715,cutting
306,306,306,0FHE1jSN3w0,cutting,background,581.0,586.0,5,8715,8790,cutting
307,307,307,0FHE1jSN3w0,cutting,background,586.0,591.0,5,8790,8865,cutting
308,308,308,0FHE1jSN3w0,cutting,background,591.0,596.0,5,8865,8940,cutting
309,309,309,0FHE1jSN3w0,cutting,background,596.0,601.0,5,8940,9015,cutting
310,310,310,0FHE1jSN3w0,cutting,background,601.0,606.0,5,9015,9090,cutting
311,311,311,0FHE1jSN3w0,cutting,background,606.0,611.0,5,9090,9165,cutting
312,312,312,0FHE1jSN3w0,cutting,background,611.0,616.0,5,9165,9240,cutting
313,313,313,0FHE1jSN3w0,cutting,background,616.0,621.0,5,9240,9315,cutting
314,314,314,0FHE1jSN3w0,cutting,background,621.0,626.0,5,9315,9390,cutting
315,315,315,0FHE1jSN3w0,cutting,background,626.0,631.0,5,9390,9465,cutting
316,316,316,0FHE1jSN3w0,cutting,background,631.0,636.0,5,9465,9540,cutting
317,317,317,0FHE1jSN3w0,cutting,background,636.0,641.0,5,9540,9615,cutting
318,318,318,0FHE1jSN3w0,cutting,background,641.0,646.0,5,9615,9690,cutting
319,319,319,0FHE1jSN3w0,cutting,background,646.0,651.0,5,9690,9765,cutting
320,320,320,0FHE1jSN3w0,cutting,background,651.0,656.0,5,9765,9840,cutting
321,321,321,0FHE1jSN3w0,cutting,background,656.0,661.0,5,9840,9915,cutting
322,322,322,0FHE1jSN3w0,cutting,background,661.0,666.0,5,9915,9990,cutting
323,323,323,0FHE1jSN3w0,cutting,background,666.0,671.0,5,9990,10065,cutting
324,324,324,0FHE1jSN3w0,cutting,background,671.0,676.0,5,10065,10140,cutting
325,325,325,0FHE1jSN3w0,cutting,background,676.0,681.0,5,10140,10215,cutting
326,326,326,0FHE1jSN3w0,cutting,background,681.0,686.0,5,10215,10290,cutting
327,327,327,0FHE1jSN3w0,cutting,background,686.0,691.0,5,10290,10365,cutting
328,328,328,0FHE1jSN3w0,cutting,background,691.0,696.0,5,10365,10440,cutting
329,329,329,0FHE1jSN3w0,cutting,background,696.0,701.0,5,10440,10515,cutting
330,330,330,0FHE1jSN3w0,cutting,background,701.0,706.0,5,10515,10590,cutting
331,331,331,0FHE1jSN3w0,cutting,background,706.0,711.0,5,10590,10665,cutting
332,332,332,0FHE1jSN3w0,cutting,background,711.0,716.0,5,10665,10740,cutting
333,333,333,0FHE1jSN3w0,cutting,background,716.0,721.0,5,10740,10815,cutting
334,334,334,0FHE1jSN3w0,cutting,background,721.0,726.0,5,10815,10890,cutting
335,335,335,0FHE1jSN3w0,cutting,background,726.0,731.0,5,10890,10965,cutting
336,336,336,0FHE1jSN3w0,cutting,background,731.0,736.0,5,10965,11040,cutting
337,337,337,0FHE1jSN3w0,cutting,background,736.0,741.0,5,11040,11115,cutting
338,338,338,0FHE1jSN3w0,cutting,background,741.0,746.0,5,11115,11190,cutting
339,339,339,0FHE1jSN3w0,cutting,background,746.0,751.0,5,11190,11265,cutting
340,340,340,0FHE1jSN3w0,cutting,background,751.0,756.0,5,11265,11340,cutting
341,341,341,0FHE1jSN3w0,cutting,background,756.0,761.0,5,11340,11415,cutting
342,342,342,0FHE1jSN3w0,cutting,background,761.0,766.0,5,11415,11490,cutting
343,343,343,0FHE1jSN3w0,cutting,background,766.0,771.0,5,11490,11565,cutting
344,344,344,0FHE1jSN3w0,cutting,background,771.0,776.0,5,11565,11640,cutting
345,345,345,0FHE1jSN3w0,cutting,background,776.0,781.0,5,11640,11715,cutting
346,346,346,0FHE1jSN3w0,cutting,background,781.0,786.0,5,11715,11790,cutting
347,347,347,0FHE1jSN3w0,cutting,background,786.0,791.0,5,11790,11865,cutting
348,348,348,0FHE1jSN3w0,cutting,background,791.0,796.0,5,11865,11940,cutting
349,349,349,0FHE1jSN3w0,cutting,background,796.0,801.0,5,11940,12015,cutting
350,350,350,0FHE1jSN3w0,cutting,background,801.0,806.0,5,12015,12090,cutting
351,351,351,0FHE1jSN3w0,cutting,background,806.0,811.0,5,12090,12165,cutting
352,352,352,0FHE1jSN3w0,cutting,background,811.0,816.0,5,12165,12240,cutting
353,353,353,0FHE1jSN3w0,cutting,background,816.0,821.0,5,12240,12315,cutting
354,354,354,0FHE1jSN3w0,cutting,background,821.0,826.0,5,12315,12390,cutting
355,355,355,0FHE1jSN3w0,cutting,background,826.0,831.0,5,12390,12465,cutting
356,356,356,0FHE1jSN3w0,cutting,background,831.0,836.0,5,12465,12540,cutting
357,357,357,0FHE1jSN3w0,cutting,background,836.0,841.0,5,12540,12615,cutting
358,358,358,0FHE1jSN3w0,cutting,background,841.0,846.0,5,12615,12690,cutting
359,359,359,0FHE1jSN3w0,cutting,background,846.0,851.0,5,12690,12765,cutting
360,360,360,0FHE1jSN3w0,cutting,background,851.0,856.0,5,12765,12840,cutting
361,361,361,0FHE1jSN3w0,cutting,background,856.0,861.0,5,12840,12915,cutting
362,362,362,0FHE1jSN3w0,cutting,background,861.0,866.0,5,12915,12990,cutting
363,363,363,0FHE1jSN3w0,cutting,background,866.0,871.0,5,12990,13065,cutting
364,364,364,0FHE1jSN3w0,cutting,background,871.0,876.0,5,13065,13140,cutting
365,365,365,0FHE1jSN3w0,cutting,background,876.0,881.0,5,13140,13215,cutting
366,366,366,0FHE1jSN3w0,cutting,background,881.0,886.0,5,13215,13290,cutting
367,367,367,0FHE1jSN3w0,cutting,background,886.0,891.0,5,13290,13365,cutting
368,368,368,0FHE1jSN3w0,cutting,background,891.0,896.0,5,13365,13440,cutting
369,369,369,0FHE1jSN3w0,cutting,background,896.0,901.0,5,13440,13515,cutting
370,370,370,0FHE1jSN3w0,cutting,background,901.0,906.0,5,13515,13590,cutting
371,371,371,0FHE1jSN3w0,cutting,background,906.0,911.0,5,13590,13665,cutting
372,372,372,0FHE1jSN3w0,cutting,background,911.0,916.0,5,13665,13740,cutting
373,373,373,0FHE1jSN3w0,cutting,background,916.0,921.0,5,13740,13815,cutting
374,374,374,0FHE1jSN3w0,cutting,background,921.0,926.0,5,13815,13890,cutting
375,375,375,0FHE1jSN3w0,cutting,background,926.0,931.0,5,13890,13965,cutting
376,376,376,0FHE1jSN3w0,cutting,background,931.0,936.0,5,13965,14040,cutting
377,377,377,0FHE1jSN3w0,cutting,background,936.0,941.0,5,14040,14115,cutting
378,378,378,0FHE1jSN3w0,cutting,background,941.0,946.0,5,14115,14190,cutting
379,379,379,0FHE1jSN3w0,cutting,background,946.0,951.0,5,14190,14265,cutting
380,380,380,0FHE1jSN3w0,cutting,background,951.0,956.0,5,14265,14340,cutting
381,381,381,0FHE1jSN3w0,cutting,background,956.0,961.0,5,14340,14415,cutting
382,382,382,0FHE1jSN3w0,cutting,background,961.0,966.0,5,14415,14490,cutting
383,383,383,0FHE1jSN3w0,cutting,background,966.0,971.0,5,14490,14565,cutting
384,384,384,0FHE1jSN3w0,cutting,background,971.0,976.0,5,14565,14640,cutting
385,385,385,0FHE1jSN3w0,cutting,background,976.0,981.0,5,14640,14715,cutting
386,386,386,0FHE1jSN3w0,cutting,background,981.0,986.0,5,14715,14790,cutting
387,387,387,0FHE1jSN3w0,cutting,background,986.0,991.0,5,14790,14865,cutting
388,388,388,0FHE1jSN3w0,cutting,background,991.0,996.0,5,14865,14940,cutting
389,389,389,0FHE1jSN3w0,cutting,background,996.0,1001.0,5,14940,15015,cutting
390,390,390,0FHE1jSN3w0,cutting,background,1001.0,1006.0,5,15015,15090,cutting
391,391,391,0FHE1jSN3w0,cutting,background,1006.0,1011.0,5,15090,15165,cutting
392,392,392,0FHE1jSN3w0,tying,background,1011.0,1016.0,5,15165,15240,tying
393,393,393,0FHE1jSN3w0,cutting,background,1016.0,1021.0,5,15240,15315,abstain
394,394,394,0FHE1jSN3w0,cutting,background,1021.0,1026.0,5,15315,15390,abstain
395,395,395,0FHE1jSN3w0,cutting,background,1026.0,1031.0,5,15390,15465,abstain
396,396,396,0FHE1jSN3w0,cutting,background,1031.0,1036.0,5,15465,15540,abstain
397,397,397,0FHE1jSN3w0,tying,background,1036.0,1041.0,5,15540,15615,tying
398,398,398,0FHE1jSN3w0,tying,background,1041.0,1046.0,5,15615,15690,tying
399,399,399,0FHE1jSN3w0,cutting,background,1046.0,1051.0,5,15690,15765,cutting
400,400,400,0FHE1jSN3w0,cutting,background,1051.0,1056.0,5,15765,15840,cutting
401,401,401,0FHE1jSN3w0,cutting,background,1056.0,1061.0,5,15840,15915,cutting
402,402,402,0FHE1jSN3w0,cutting,background,1061.0,1066.0,5,15915,15990,cutting
403,403,403,0FHE1jSN3w0,cutting,background,1066.0,1071.0,5,15990,16065,cutting
404,404,404,0FHE1jSN3w0,tying,background,1071.0,1076.0,5,16065,16140,tying
405,405,405,0FHE1jSN3w0,tying,background,1076.0,1081.0,5,16140,16215,tying
406,406,406,0FHE1jSN3w0,tying,background,1081.0,1086.0,5,16215,16290,tying
407,407,407,0FHE1jSN3w0,tying,background,1086.0,1091.0,5,16290,16365,tying
408,408,408,0FHE1jSN3w0,background,background,1091.0,1096.0,5,16365,16440,
409,409,409,0FHE1jSN3w0,cutting,background,1096.0,1101.0,5,16440,16515,cutting
410,410,410,0FHE1jSN3w0,cutting,background,1101.0,1106.0,5,16515,16590,cutting
411,411,411,0FHE1jSN3w0,cutting,background,1106.0,1111.0,5,16590,16665,cutting
412,412,412,0FHE1jSN3w0,cutting,background,1111.0,1116.0,5,16665,16740,cutting
413,413,413,0FHE1jSN3w0,cutting,background,1116.0,1121.0,5,16740,16815,cutting
414,414,414,0FHE1jSN3w0,background,background,1121.0,1126.0,5,16815,16890,
415,415,415,0FHE1jSN3w0,cutting,background,1126.0,1131.0,5,16890,16965,background
416,416,416,0FHE1jSN3w0,tying,background,1131.0,1136.0,5,16965,17040,tying
417,417,417,0FHE1jSN3w0,tying,background,1136.0,1141.0,5,17040,17115,tying
418,418,418,0FHE1jSN3w0,tying,background,1141.0,1146.0,5,17115,17190,tying
419,419,419,0FHE1jSN3w0,background,background,1146.0,1151.0,5,17190,17265,
420,420,420,0FHE1jSN3w0,cutting,background,1151.0,1156.0,5,17265,17340,background
421,421,421,0FHE1jSN3w0,tying,background,1156.0,1161.0,5,17340,17415,tying
422,422,422,0FHE1jSN3w0,tying,background,1161.0,1166.0,5,17415,17490,tying
423,423,423,0FHE1jSN3w0,tying,background,1166.0,1171.0,5,17490,17565,tying
424,424,424,0FHE1jSN3w0,background,background,1171.0,1176.0,5,17565,17640,
425,425,425,0FHE1jSN3w0,background,background,1176.0,1181.0,5,17640,17715,
426,426,426,0FHE1jSN3w0,suturing,background,1181.0,1186.0,5,17715,17790,background
427,427,427,0FHE1jSN3w0,suturing,background,1186.0,1191.0,5,17790,17865,background
428,428,428,0FHE1jSN3w0,background,background,1191.0,1196.0,5,17865,17940,
429,429,429,0FHE1jSN3w0,background,background,1196.0,1201.0,5,17940,18015,
430,430,430,0FHE1jSN3w0,tying,background,1201.0,1206.0,5,18015,18090,tying
431,431,431,0FHE1jSN3w0,tying,background,1206.0,1211.0,5,18090,18165,tying
432,432,432,0FHE1jSN3w0,suturing,background,1211.0,1216.0,5,18165,18240,suturing
433,433,433,0FHE1jSN3w0,suturing,background,1216.0,1221.0,5,18240,18315,suturing
434,434,434,0FHE1jSN3w0,tying,background,1221.0,1226.0,5,18315,18390,tying
435,435,435,0FHE1jSN3w0,background,background,1226.0,1231.0,5,18390,18465,
436,436,436,0FHE1jSN3w0,cutting,background,1231.0,1236.0,5,18465,18540,abstain
437,437,437,0FHE1jSN3w0,cutting,background,1236.0,1241.0,5,18540,18615,abstain
438,438,438,0FHE1jSN3w0,suturing,suturing,1242.0,1247.0,5,18630,18705,
439,439,439,0FHE1jSN3w0,suturing,suturing,1247.0,1252.0,5,18705,18780,
440,440,440,0FHE1jSN3w0,tying,suturing,1254.0,1259.0,5,18810,18885,
441,441,441,0FHE1jSN3w0,suturing,suturing,1260.0,1265.0,5,18900,18975,
442,442,442,0FHE1jSN3w0,suturing,suturing,1265.0,1270.0,5,18975,19050,
443,443,443,0FHE1jSN3w0,suturing,suturing,1270.0,1275.0,5,19050,19125,
444,444,444,0FHE1jSN3w0,suturing,suturing,1275.0,1280.0,5,19125,19200,
445,445,445,0FHE1jSN3w0,suturing,suturing,1280.0,1285.0,5,19200,19275,
446,446,446,0FHE1jSN3w0,suturing,suturing,1285.0,1290.0,5,19275,19350,
447,447,447,0FHE1jSN3w0,suturing,suturing,1290.0,1295.0,5,19350,19425,
448,448,448,0FHE1jSN3w0,suturing,suturing,1295.0,1300.0,5,19425,19500,
449,449,449,0FHE1jSN3w0,suturing,suturing,1300.0,1305.0,5,19500,19575,
450,450,450,0FHE1jSN3w0,suturing,suturing,1305.0,1310.0,5,19575,19650,
451,451,451,0FHE1jSN3w0,suturing,suturing,1310.0,1315.0,5,19650,19725,
452,452,452,0FHE1jSN3w0,suturing,suturing,1315.0,1320.0,5,19725,19800,
453,453,453,0FHE1jSN3w0,suturing,suturing,1320.0,1325.0,5,19800,19875,
454,454,454,0FHE1jSN3w0,suturing,suturing,1325.0,1330.0,5,19875,19950,
455,455,455,0FHE1jSN3w0,suturing,suturing,1330.0,1335.0,5,19950,20025,
456,456,456,0FHE1jSN3w0,suturing,suturing,1335.0,1340.0,5,20025,20100,
457,457,457,0FHE1jSN3w0,suturing,suturing,1340.0,1345.0,5,20100,20175,
458,458,458,0FHE1jSN3w0,suturing,background,1346.0,1351.0,5,20190,20265,suturing
459,459,459,0FHE1jSN3w0,suturing,background,1351.0,1356.0,5,20265,20340,suturing
460,460,460,0FHE1jSN3w0,suturing,background,1356.0,1361.0,5,20340,20415,suturing
461,461,461,0FHE1jSN3w0,suturing,background,1361.0,1366.0,5,20415,20490,suturing
462,462,462,0FHE1jSN3w0,suturing,background,1366.0,1371.0,5,20490,20565,suturing
463,463,463,0FHE1jSN3w0,suturing,suturing,1374.0,1379.0,5,20610,20685,
464,464,464,0FHE1jSN3w0,suturing,suturing,1379.0,1384.0,5,20685,20760,
465,465,465,0FHE1jSN3w0,suturing,suturing,1390.0,1395.0,5,20850,20925,
466,466,466,0FHE1jSN3w0,suturing,suturing,1395.0,1400.0,5,20925,21000,
467,467,467,0FHE1jSN3w0,suturing,suturing,1400.0,1405.0,5,21000,21075,
468,468,468,0FHE1jSN3w0,suturing,suturing,1405.0,1410.0,5,21075,21150,
469,469,469,0FHE1jSN3w0,suturing,suturing,1410.0,1415.0,5,21150,21225,
470,470,470,0FHE1jSN3w0,suturing,suturing,1415.0,1420.0,5,21225,21300,
471,471,471,0FHE1jSN3w0,suturing,suturing,1420.0,1425.0,5,21300,21375,
472,472,472,0FHE1jSN3w0,suturing,suturing,1425.0,1430.0,5,21375,21450,
473,473,473,0FHE1jSN3w0,suturing,suturing,1430.0,1435.0,5,21450,21525,
474,474,474,0FHE1jSN3w0,suturing,suturing,1435.0,1440.0,5,21525,21600,
475,475,475,0FHE1jSN3w0,suturing,suturing,1440.0,1445.0,5,21600,21675,
476,476,476,0FHE1jSN3w0,suturing,suturing,1445.0,1450.0,5,21675,21750,
477,477,477,0FHE1jSN3w0,suturing,suturing,1450.0,1455.0,5,21750,21825,
478,478,478,0FHE1jSN3w0,suturing,background,1459.0,1464.0,5,21885,21960,suturing
479,479,479,0FHE1jSN3w0,background,background,1464.0,1469.0,5,21960,22035,
480,480,480,0VMxXsqmxYg,background,background,0.0,5.0,5,0,75,
481,481,481,0VMxXsqmxYg,background,background,5.0,10.0,5,75,150,
482,482,482,0VMxXsqmxYg,cutting,background,10.0,15.0,5,150,225,background
483,483,483,0VMxXsqmxYg,cutting,background,15.0,20.0,5,225,300,background
484,484,484,0VMxXsqmxYg,background,background,20.0,25.0,5,300,375,
485,485,485,0VMxXsqmxYg,background,background,25.0,30.0,5,375,450,
486,486,486,0VMxXsqmxYg,background,background,30.0,35.0,5,450,525,
487,487,487,0VMxXsqmxYg,background,background,35.0,40.0,5,525,600,
488,488,488,0VMxXsqmxYg,cutting,cutting,43.0,48.0,5,645,720,
489,489,489,0VMxXsqmxYg,cutting,cutting,48.0,53.0,5,720,795,
490,490,490,0VMxXsqmxYg,cutting,background,56.0,61.0,5,840,915,cutting
491,491,491,0VMxXsqmxYg,cutting,cutting,61.0,66.0,5,915,990,
492,492,492,0VMxXsqmxYg,cutting,cutting,66.0,71.0,5,990,1065,
493,493,493,0VMxXsqmxYg,cutting,cutting,71.0,76.0,5,1065,1140,
494,494,494,0VMxXsqmxYg,cutting,cutting,76.0,81.0,5,1140,1215,
495,495,495,0VMxXsqmxYg,cutting,background,85.0,90.0,5,1275,1350,cutting
496,496,496,0oxhRpSq850,background,background,0.0,5.0,5,0,75,
497,497,497,0oxhRpSq850,background,background,5.0,10.0,5,75,150,
498,498,498,0oxhRpSq850,background,background,10.0,15.0,5,150,225,
